customer_id,email,firstname,lastname,gender,birthdate,credits
1,gcossons0@reference.com,Glory,Cossons,Non-binary,03/16/1959,263
2,ltwell1@myspace.com,Luise,Twell,Genderfluid,02/07/1962,299
3,ratwill2@utexas.edu,Raye,Atwill,Agender,09/01/1996,954
4,egodon3@msu.edu,Elonore,Godon,Non-binary,08/03/1994,474
5,fventuroli4@accuweather.com,Franky,Venturoli,Genderqueer,05/12/1961,584
6,pbrewerton5@noaa.gov,Peyter,Brewerton,Female,05/07/1973,267
7,swatters6@google.it,Sharona,Watters,Genderqueer,11/16/1981,791
8,gwaudby7@unblog.fr,Giselle,Waudby,Genderqueer,03/07/1981,761
9,tabrahamsson8@lycos.com,Tiphani,Abrahamsson,Non-binary,06/16/1967,347
10,lagglio9@bloglovin.com,Lorne,Agglio,Polygender,01/30/1977,259
11,ltalmadgea@phpbb.com,Lucias,Talmadge,Agender,12/20/1962,411
12,rrobertazzib@sohu.com,Ravi,Robertazzi,Male,04/16/1981,338
13,jdinseyc@businessinsider.com,Jedediah,Dinsey,Agender,07/13/1992,629
14,nmabond@bluehost.com,Norris,Mabon,Polygender,08/31/1987,631
15,skingescote@skype.com,Sandy,Kingescot,Genderfluid,08/14/1998,950
16,mshottinf@shareasale.com,Madel,Shottin,Polygender,09/30/1982,125
17,mpollastrog@chron.com,Merrel,Pollastro,Non-binary,04/21/1981,719
18,lcavillh@taobao.com,Llewellyn,Cavill,Polygender,07/04/1995,384
19,fkalaheri@elpais.com,Fons,Kalaher,Bigender,11/12/1983,189
20,plehucquetj@google.nl,Petunia,Le Hucquet,Agender,01/02/1967,317
21,jrubertisk@home.pl,Jerome,Rubertis,Genderfluid,12/28/1957,317
22,nblunkettl@discuz.net,Nickolaus,Blunkett,Genderfluid,11/17/1989,554
23,ioldeym@shop-pro.jp,Ingemar,oldey,Non-binary,08/24/1977,312
24,dmacpaken@intel.com,Dawna,MacPake,Genderfluid,01/08/1956,211
25,jmatthieseno@diigo.com,Jamey,Matthiesen,Polygender,06/14/1971,808
26,ageartyp@myspace.com,Auberon,Gearty,Female,10/08/1969,478
27,amarklinq@shutterfly.com,Aridatha,Marklin,Male,06/03/1964,732
28,ascholzr@ucoz.com,Alphard,Scholz,Bigender,03/28/1987,753
29,eshillabeers@npr.org,Emmit,Shillabeer,Polygender,07/03/1990,836
30,bhanbidget@umn.edu,Barnaby,Hanbidge,Genderfluid,10/19/1980,278
31,ftenneyu@stanford.edu,Faber,Tenney,Genderfluid,08/14/1990,364
32,amackimv@exblog.jp,Astra,MacKim,Male,11/01/1988,765
33,jgreggersenw@rediff.com,Jecho,Greggersen,Genderqueer,01/03/1962,472
34,lharrowellx@discuz.net,Leilah,Harrowell,Non-binary,04/17/1984,426
35,mjeffesy@walmart.com,Malena,Jeffes,Female,01/06/1983,157
36,qrobbeyz@kickstarter.com,Quint,Robbey,Female,11/26/1978,473
37,agreetham10@nationalgeographic.com,Alister,Greetham,Polygender,02/28/1993,896
38,uludovici11@gizmodo.com,Ulberto,Ludovici,Bigender,07/27/1969,853
39,acasillis12@is.gd,Ambrose,Casillis,Genderqueer,01/16/1970,771
40,aglancy13@fc2.com,Annabela,Glancy,Non-binary,07/09/1985,756
41,khazlewood14@youtube.com,Kathrine,Hazlewood,Bigender,12/21/1979,847
42,jmildner15@apache.org,Jacky,Mildner,Genderfluid,07/31/1968,367
43,emorter16@youtube.com,Eduardo,Morter,Male,10/27/1990,875
44,mmonks17@wikia.com,Marylynne,Monks,Polygender,10/13/1968,659
45,lboyce18@issuu.com,Lowrance,Boyce,Polygender,04/14/1977,725
46,mdeguise19@google.pl,Michell,de Guise,Female,02/15/1959,202
47,ctorrance1a@ustream.tv,Cletus,Torrance,Male,07/18/1972,563
48,mgordge1b@sphinn.com,Mikel,Gordge,Non-binary,02/27/1997,265
49,ctimms1c@devhub.com,Cindra,Timms,Genderqueer,01/03/1992,661
50,vrivilis1d@vkontakte.ru,Valenka,Rivilis,Female,11/16/1977,602
51,egunstone1e@behance.net,Elinore,Gunstone,Polygender,06/30/1970,349
52,pbromehed1f@hao123.com,Peyton,Bromehed,Bigender,02/17/1989,937
53,ngrabban1g@nyu.edu,Nedi,Grabban,Polygender,04/28/1980,332
54,pmerrien1h@fotki.com,Puff,Merrien,Genderqueer,08/13/1965,632
55,vbeardsall1i@weibo.com,Valentina,Beardsall,Female,01/16/1977,594
56,babrahim1j@intel.com,Bertie,Abrahim,Agender,01/06/1979,343
57,vkynd1k@vinaora.com,Vivian,Kynd,Genderqueer,12/09/1992,448
58,llording1l@businessweek.com,Lazare,Lording,Polygender,11/29/1961,211
59,bcuncliffe1m@posterous.com,Brynn,Cuncliffe,Male,11/12/1986,787
60,mbettington1n@uol.com.br,Maddie,Bettington,Agender,10/30/1963,544
61,smelior1o@statcounter.com,Sloane,Melior,Agender,04/14/1969,149
62,swaples1p@vinaora.com,Sissie,Waples,Genderqueer,05/07/1985,321
63,acranke1q@howstuffworks.com,Antonia,Cranke,Polygender,10/11/1979,759
64,dcluley1r@mozilla.com,Dean,Cluley,Female,11/20/1978,312
65,lpatton1s@1und1.de,Lanny,Patton,Female,11/15/1995,837
66,bbrisley1t@digg.com,Brad,Brisley,Genderqueer,10/08/1983,949
67,dpaal1u@people.com.cn,Danika,Paal,Non-binary,09/19/1997,579
68,hchampken1v@bandcamp.com,Helen,Champken,Bigender,05/01/1981,542
69,jpotkins1w@uiuc.edu,Jen,Potkins,Male,03/21/1993,672
70,mellin1x@google.cn,Mela,Ellin,Male,01/28/1977,519
71,sbony1y@netscape.com,Saunderson,Bony,Bigender,07/12/1989,484
72,ugreenham1z@smh.com.au,Urbano,Greenham,Male,09/28/1990,210
73,alaban20@google.com.au,Ambrosio,Laban,Agender,02/18/1968,820
74,ddevile21@shareasale.com,Dallis,De Vile,Male,03/20/1990,777
75,tmartynov22@fc2.com,Timi,Martynov,Female,10/28/1974,842
76,zshillito23@hubpages.com,Zak,Shillito,Bigender,06/07/1980,111
77,ddobel24@huffingtonpost.com,Delores,Dobel,Male,10/27/1990,429
78,swyant25@yandex.ru,Sheena,Wyant,Genderfluid,08/20/1988,223
79,traccio26@cnn.com,Tarra,Raccio,Genderqueer,09/25/1961,818
80,nraffan27@alibaba.com,Nicolai,Raffan,Female,01/05/1974,759
81,nblasik28@dmoz.org,Nan,Blasik,Male,12/29/1966,951
82,slangran29@cisco.com,Sigismundo,Langran,Polygender,05/28/1976,834
83,opossek2a@ning.com,Olvan,Possek,Bigender,08/27/1979,436
84,sfairbridge2b@wp.com,Stinky,Fairbridge,Polygender,07/05/1982,474
85,hlanfare2c@weather.com,Henrieta,Lanfare,Non-binary,09/07/1991,127
86,krushe2d@xing.com,Kean,Rushe,Genderqueer,09/13/1999,105
87,acolqueran2e@github.io,Alicia,Colqueran,Agender,03/27/1965,134
88,mestable2f@amazon.com,Marmaduke,Estable,Male,07/13/1980,411
89,ashillingford2g@cdc.gov,Alexia,Shillingford,Genderfluid,12/30/1984,413
90,cchasles2h@wufoo.com,Ceil,Chasles,Bigender,12/25/1980,503
91,meddie2i@joomla.org,Margo,Eddie,Female,05/31/1980,451
92,teisikowitch2j@time.com,Tristam,Eisikowitch,Agender,09/03/1964,566
93,nbartleman2k@twitpic.com,Nathanial,Bartleman,Genderqueer,11/28/1989,814
94,rthreader2l@gnu.org,Rab,Threader,Agender,05/27/1997,583
95,dolander2m@youku.com,Decca,Olander,Bigender,06/14/1997,855
96,alecky2n@senate.gov,Annmaria,Lecky,Male,09/27/1995,753
97,vfrankis2o@reuters.com,Venita,Frankis,Genderfluid,04/02/1997,436
98,smcswan2p@skype.com,Sinclare,McSwan,Female,04/07/1995,320
99,bstockow2q@about.me,Bettye,Stockow,Bigender,05/11/1971,671
100,santonopoulos2r@dropbox.com,Scottie,Antonopoulos,Genderfluid,08/02/1967,731
101,cblackham2s@nature.com,Coraline,Blackham,Polygender,08/02/1996,151
102,jbroad2t@un.org,Jolee,Broad,Polygender,07/25/1970,617
103,twillshee2u@amazon.de,Tiertza,Willshee,Male,08/26/1969,691
104,kgarlette2v@gnu.org,Katleen,Garlette,Genderfluid,12/07/1982,507
105,btomkins2w@engadget.com,Belle,Tomkins,Bigender,03/30/1999,533
106,zweatherby2x@yale.edu,Zared,Weatherby,Bigender,04/01/1975,318
107,gmulcahy2y@php.net,Griselda,Mulcahy,Polygender,04/22/1978,942
108,kgillman2z@i2i.jp,Kimble,Gillman,Agender,05/30/1989,951
109,opirie30@java.com,Obadiah,Pirie,Genderqueer,06/07/1981,712
110,dtincombe31@live.com,Doyle,Tincombe,Bigender,11/22/1993,752
111,sfernihough32@sbwire.com,Shanta,Fernihough,Non-binary,11/05/1975,306
112,eknight33@bbb.org,Estell,Knight,Bigender,11/26/1992,260
113,sizakson34@miitbeian.gov.cn,Saleem,Izakson,Polygender,06/15/1970,507
114,tlambersen35@globo.com,Terrie,Lambersen,Agender,10/03/1956,979
115,apallis36@studiopress.com,Amandi,Pallis,Male,07/04/1983,931
116,geskell37@shutterfly.com,Grant,Eskell,Female,05/17/1966,404
117,jrobison38@clickbank.net,Janeta,Robison,Genderfluid,12/31/1960,634
118,ncatenot39@ning.com,Nils,Catenot,Non-binary,10/08/1994,121
119,enewiss3a@wired.com,Ettore,Newiss,Agender,07/16/1958,294
120,ybreadmore3b@xrea.com,Yvonne,Breadmore,Non-binary,06/30/1984,454
121,rchatteris3c@posterous.com,Reinald,Chatteris,Non-binary,04/27/1971,760
122,mstockoe3d@icio.us,Myrtice,Stockoe,Female,07/26/1992,651
123,sbirdwistle3e@economist.com,Susann,Birdwistle,Polygender,05/10/1978,102
124,nelderton3f@cmu.edu,Nissa,Elderton,Agender,03/02/1963,560
125,mstoneley3g@blinklist.com,Moira,Stoneley,Genderqueer,06/09/1969,274
126,jpetrovic3h@issuu.com,Jard,Petrovic,Male,02/12/1985,983
127,rnajara3i@cam.ac.uk,Row,Najara,Genderqueer,03/09/1990,400
128,ffranciottoi3j@bing.com,Fredrika,Franciottoi,Female,10/08/1961,798
129,ladran3k@tripadvisor.com,Leone,Adran,Agender,03/11/1960,102
130,kgolborn3l@tripadvisor.com,Kalil,Golborn,Agender,02/10/1958,172
131,jgoodliff3m@cnet.com,Jaclin,Goodliff,Male,08/02/1957,478
132,grocca3n@t.co,Gisele,Rocca,Male,04/18/1997,469
133,abrient3o@eventbrite.com,Ave,Brient,Polygender,05/04/1965,363
134,pjanoschek3p@1und1.de,Paddy,Janoschek,Genderfluid,06/25/1967,931
135,mgorring3q@google.cn,Muffin,Gorring,Non-binary,12/18/1969,655
136,jholdey3r@newyorker.com,Jourdan,Holdey,Non-binary,08/24/1977,120
137,ggeely3s@go.com,Garrik,Geely,Genderqueer,02/07/1980,831
138,hcranham3t@alexa.com,Hermia,Cranham,Genderqueer,09/12/1985,100
139,vsecrett3u@purevolume.com,Valene,Secrett,Polygender,12/14/1986,184
140,sgilbertson3v@mapy.cz,Sayres,Gilbertson,Male,01/10/2000,966
141,hsandiford3w@boston.com,Hanna,Sandiford,Non-binary,04/29/1965,596
142,dbeedell3x@uol.com.br,Drake,Beedell,Male,04/22/1956,526
143,bsandeford3y@cnet.com,Berkly,Sandeford,Female,08/25/1975,978
144,acave3z@symantec.com,Andrei,Cave,Genderfluid,06/26/1991,734
145,ilesslie40@sohu.com,Inesita,Lesslie,Agender,01/29/1985,955
146,auvedale41@reverbnation.com,April,Uvedale,Genderqueer,01/05/1959,809
147,mjendrys42@nhs.uk,Marna,Jendrys,Female,05/19/1972,753
148,ggodber43@google.es,Gerrie,Godber,Bigender,04/08/1993,273
149,adulanty44@smh.com.au,Adriano,Dulanty,Male,12/01/1980,596
150,chaslewood45@yolasite.com,Cherianne,Haslewood,Genderfluid,08/17/1963,344
151,shandscomb46@ucoz.com,Sarette,Handscomb,Male,04/23/1984,230
152,chayford47@seesaa.net,Catlee,Hayford,Genderqueer,08/31/1994,509
153,uutterson48@elpais.com,Ulric,Utterson,Female,09/12/1972,918
154,jionesco49@ebay.co.uk,Joyann,Ionesco,Agender,11/21/1977,412
155,kkenrat4a@pbs.org,Kingston,Kenrat,Genderqueer,08/19/1998,573
156,vhallahan4b@illinois.edu,Vina,Hallahan,Polygender,12/16/1994,563
157,rofford4c@cyberchimps.com,Ruth,Offord,Bigender,04/11/1967,315
158,mdreakin4d@blogs.com,Maggie,Dreakin,Male,08/31/1955,217
159,starbert4e@icq.com,Stafani,Tarbert,Male,10/01/1957,612
160,dsharp4f@sohu.com,Dotti,Sharp,Agender,04/24/1970,705
161,nkilbee4g@cornell.edu,Neils,Kilbee,Agender,12/17/1993,899
162,mtartt4h@mapy.cz,Michelina,Tartt,Non-binary,06/19/1994,655
163,olangforth4i@businessweek.com,Orland,Langforth,Bigender,06/20/1996,610
164,racaster4j@mashable.com,Roarke,Acaster,Agender,07/30/1972,721
165,zchasier4k@nature.com,Zandra,Chasier,Non-binary,03/26/1960,401
166,mjosiah4l@msu.edu,Margery,Josiah,Genderqueer,05/13/1992,435
167,jtorra4m@chronoengine.com,Jere,Torra,Non-binary,08/09/1983,462
168,ddeavin4n@wikispaces.com,Dex,Deavin,Female,11/07/1999,788
169,geton4o@cpanel.net,Gayler,Eton,Genderfluid,10/24/1983,325
170,zkiessel4p@bbb.org,Zelda,Kiessel,Male,09/21/1967,832
171,csandeman4q@howstuffworks.com,Corbett,Sandeman,Genderfluid,03/30/1985,606
172,cdarell4r@infoseek.co.jp,Clyde,Darell,Male,08/07/1997,622
173,psmee4s@indiatimes.com,Pierrette,Smee,Genderfluid,03/24/1964,584
174,vmickelwright4t@disqus.com,Vikky,Mickelwright,Genderfluid,12/09/1976,794
175,dbottoms4u@unc.edu,Danyelle,Bottoms,Agender,05/16/1957,235
176,pgribbin4v@jimdo.com,Pinchas,Gribbin,Male,07/11/1961,901
177,vkulic4w@oaic.gov.au,Viviene,Kulic,Male,08/05/1998,484
178,chardingham4x@loc.gov,Chet,Hardingham,Genderfluid,09/04/1963,716
179,frainard4y@cdc.gov,Fianna,Rainard,Polygender,04/19/2000,434
180,mcorgenvin4z@nature.com,Mela,Corgenvin,Genderqueer,06/19/1988,531
181,mbach50@yandex.ru,Maddy,Bach,Female,01/25/1994,734
182,alude51@va.gov,Alika,Lude,Non-binary,05/30/1964,569
183,gkondratowicz52@dedecms.com,Guinevere,Kondratowicz,Polygender,08/14/1977,642
184,swingham53@yandex.ru,Scottie,Wingham,Agender,10/27/1975,816
185,bbalser54@wired.com,Brett,Balser,Non-binary,06/19/1967,929
186,bbreche55@webs.com,Brandise,Breche,Bigender,10/24/1988,655
187,ihodgins56@people.com.cn,Issy,Hodgins,Genderfluid,02/26/1963,458
188,ljaegar57@naver.com,Lacy,Jaegar,Female,01/15/1956,430
189,never58@shinystat.com,Normy,Ever,Female,07/21/1979,153
190,asperring59@goo.ne.jp,Annaliese,Sperring,Bigender,04/12/1984,180
191,dkurten5a@amazon.com,Dorri,Kurten,Polygender,11/08/1990,989
192,dlomasna5b@tumblr.com,Danie,Lomasna,Genderqueer,03/29/1975,235
193,jblazdell5c@ca.gov,Jonell,Blazdell,Bigender,03/12/1974,835
194,ffateley5d@about.com,Faye,Fateley,Genderfluid,04/16/1974,852
195,jcreevy5e@noaa.gov,Jayne,Creevy,Agender,12/22/1993,873
196,wpaulino5f@lycos.com,Wells,Paulino,Genderqueer,10/08/1982,598
197,dbrimham5g@deliciousdays.com,Desi,Brimham,Bigender,12/19/1972,105
198,bdener5h@ycombinator.com,Bogey,Dener,Female,07/20/1987,921
199,bblamire5i@google.de,Bobinette,Blamire,Male,01/22/1988,588
200,adiviney5j@yolasite.com,Aleen,Diviney,Bigender,02/11/1984,219
201,gclarridge5k@linkedin.com,Genny,Clarridge,Polygender,11/27/1956,629
202,mphoebe5l@blinklist.com,Maison,Phoebe,Non-binary,03/05/1965,828
203,nrix5m@gravatar.com,Nicolette,Rix,Agender,05/10/1993,533
204,jgerrets5n@google.de,Jaquenetta,Gerrets,Agender,06/13/1983,112
205,ksurgood5o@chron.com,Kele,Surgood,Bigender,08/24/1993,330
206,ksalzburger5p@businessweek.com,Kathrine,Salzburger,Agender,04/29/1966,792
207,bgarn5q@cbsnews.com,Barret,Garn,Genderfluid,12/13/1981,356
208,reverly5r@freewebs.com,Ruthie,Everly,Female,09/04/1992,457
209,slegion5s@twitpic.com,Sayer,Legion,Bigender,10/07/1999,157
210,caustwick5t@jigsy.com,Clay,Austwick,Female,11/17/1984,994
211,smortel5u@whitehouse.gov,Stearn,Mortel,Polygender,12/08/1990,934
212,elaverick5v@wisc.edu,Elisha,Laverick,Non-binary,11/09/1958,494
213,fmcelroy5w@businesswire.com,Fenelia,McElroy,Male,02/08/1987,428
214,ebootman5x@toplist.cz,Ellerey,Bootman,Agender,11/12/1972,384
215,jmariyushkin5y@noaa.gov,Jere,Mariyushkin,Genderqueer,11/18/1999,778
216,mpetruk5z@unc.edu,Michele,Petruk,Genderqueer,05/30/1989,802
217,aderr60@netvibes.com,Archibaldo,Derr,Female,02/25/1961,524
218,dfroude61@cam.ac.uk,Denver,Froude,Female,10/04/1994,916
219,nroaf62@umn.edu,Nonna,Roaf,Polygender,11/17/1990,641
220,chexum63@sfgate.com,Cornie,Hexum,Male,01/19/1956,291
221,aholcroft64@freewebs.com,Anabal,Holcroft,Agender,11/03/1957,580
222,pshercliff65@constantcontact.com,Pebrook,Shercliff,Polygender,06/06/1997,328
223,sjirus66@github.com,Saleem,Jirus,Bigender,11/22/1970,918
224,mmeynell67@mozilla.com,Marcelia,Meynell,Male,02/24/1987,488
225,bwhyteman68@toplist.cz,Bald,Whyteman,Female,03/20/2000,137
226,hdobble69@ycombinator.com,Heall,Dobble,Bigender,10/01/1971,917
227,agautrey6a@example.com,Anselm,Gautrey,Female,03/06/1982,753
228,wfey6b@timesonline.co.uk,Wiley,Fey,Genderqueer,09/09/1996,409
229,agodridge6c@google.com.au,Alleyn,Godridge,Genderfluid,09/29/1966,235
230,rmcnaughton6d@ocn.ne.jp,Richardo,McNaughton,Genderqueer,01/10/1995,462
231,iketchen6e@networksolutions.com,Imogen,Ketchen,Polygender,10/11/1991,869
232,lmckirton6f@google.com.hk,Linn,McKirton,Agender,08/05/1956,960
233,cspinney6g@bbb.org,Cristine,Spinney,Agender,12/04/1994,167
234,mfarrens6h@twitter.com,Mitzi,Farrens,Agender,06/06/1970,225
235,tridsdell6i@arizona.edu,Thaxter,Ridsdell,Polygender,08/07/1997,683
236,keicheler6j@msu.edu,Katine,Eicheler,Male,05/08/1970,894
237,phourahan6k@stanford.edu,Paxon,Hourahan,Male,07/06/1967,251
238,rvasyuchov6l@lulu.com,Ranna,Vasyuchov,Bigender,09/29/1991,782
239,jsalkeld6m@toplist.cz,Joletta,Salkeld,Bigender,09/29/1970,980
240,jjaneczek6n@creativecommons.org,Joleen,Janeczek,Genderfluid,06/24/1957,755
241,srubanenko6o@rakuten.co.jp,Siouxie,Rubanenko,Genderfluid,07/17/1995,260
242,gsimpole6p@usda.gov,Giffard,Simpole,Female,04/02/1957,921
243,hmohammad6q@imdb.com,Hilliary,Mohammad,Genderqueer,12/29/1967,882
244,ccroysdale6r@pen.io,Carmita,Croysdale,Polygender,06/05/1983,269
245,ashorter6s@sourceforge.net,Aleksandr,Shorter,Bigender,07/28/1974,813
246,pofener6t@printfriendly.com,Portia,Ofener,Genderqueer,02/23/1962,379
247,mdownton6u@skyrock.com,Marga,Downton,Female,02/21/1960,900
248,mfroom6v@jalbum.net,Madel,Froom,Agender,03/01/1963,611
249,abooley6w@godaddy.com,Augy,Booley,Non-binary,10/28/1998,787
250,zpollendine6x@hc360.com,Zorana,Pollendine,Agender,03/11/1980,516
251,lstillwell6y@dmoz.org,Leanna,Stillwell,Agender,02/13/1977,576
252,ngazzard6z@bbb.org,Ninetta,Gazzard,Genderfluid,08/17/1978,121
253,bbrunone70@joomla.org,Byrom,Brunone,Female,05/03/1977,857
254,mchristaeas71@addtoany.com,Maible,Christaeas,Genderqueer,08/22/1989,941
255,wstickells72@so-net.ne.jp,Walliw,Stickells,Agender,05/18/1972,975
256,sdeschlein73@answers.com,Shae,Deschlein,Genderfluid,08/07/1984,726
257,gmckomb74@salon.com,Gregory,McKomb,Genderfluid,10/25/1975,429
258,nkingswood75@seattletimes.com,Nanon,Kingswood,Male,08/04/1968,201
259,sbicksteth76@i2i.jp,Stormie,Bicksteth,Male,07/13/1971,443
260,sfader77@chron.com,Saul,Fader,Male,12/22/1956,579
261,sobern78@ifeng.com,Shelly,Obern,Male,02/05/1978,750
262,srichardin79@yellowpages.com,Sorcha,Richardin,Bigender,05/24/1992,227
263,bmattaser7a@jimdo.com,Bernhard,Mattaser,Agender,08/17/1993,587
264,sfanner7b@census.gov,Sidoney,Fanner,Polygender,10/03/1989,611
265,bwike7c@google.pl,Briana,Wike,Male,12/27/1985,984
266,jeddoes7d@pinterest.com,Junina,Eddoes,Genderqueer,12/23/1960,991
267,hsibille7e@prweb.com,Hastings,Sibille,Agender,08/07/1991,607
268,smouatt7f@clickbank.net,Salvidor,Mouatt,Agender,11/02/1976,587
269,bolyet7g@flavors.me,Bertram,Olyet,Genderfluid,01/26/1976,258
270,pdilleston7h@shareasale.com,Pyotr,Dilleston,Genderfluid,04/06/1968,567
271,bmckelvey7i@webmd.com,Beryl,McKelvey,Male,04/04/1994,587
272,slequesne7j@networksolutions.com,Simona,Le Quesne,Male,07/28/1999,235
273,apindar7k@t-online.de,Allyson,Pindar,Female,01/02/1968,687
274,wsinnett7l@ucoz.ru,Wheeler,Sinnett,Male,06/24/1979,699
275,bjorge7m@gizmodo.com,Beverlee,Jorge,Non-binary,10/01/1999,462
276,mbealton7n@howstuffworks.com,Marcille,Bealton,Female,12/18/1975,991
277,lklimkov7o@hubpages.com,Laurence,Klimkov,Bigender,10/16/1964,278
278,kmarnane7p@arizona.edu,Kristo,Marnane,Genderqueer,05/31/1992,620
279,kabarrow7q@google.es,Kelcie,A'Barrow,Genderqueer,04/14/1958,549
280,jmoatt7r@webeden.co.uk,Jany,Moatt,Genderfluid,12/02/1956,821
281,kskirvin7s@live.com,Kerstin,Skirvin,Male,11/12/1974,836
282,lwatkinson7t@nature.com,Laurel,Watkinson,Genderqueer,07/08/1967,536
283,rblencowe7u@irs.gov,Rori,Blencowe,Genderfluid,02/04/1956,909
284,agabriely7v@ameblo.jp,Arda,Gabriely,Polygender,12/21/1994,743
285,fbotterill7w@gizmodo.com,Fey,Botterill,Male,03/13/1979,345
286,nburnes7x@newsvine.com,Nadean,Burnes,Bigender,03/13/1987,554
287,hmoriarty7y@pcworld.com,Hasheem,Moriarty,Male,05/20/1971,885
288,acamps7z@a8.net,Abbe,Camps,Bigender,10/16/1997,879
289,btramel80@google.it,Beltran,Tramel,Bigender,11/02/1978,683
290,ashalders81@google.com,Abram,Shalders,Genderfluid,03/05/1971,431
291,ddumper82@weibo.com,Dorena,Dumper,Male,02/20/1999,469
292,rlinford83@oracle.com,Rosene,Linford,Bigender,04/19/1995,315
293,cblazhevich84@europa.eu,Claudie,Blazhevich,Female,04/24/1965,559
294,rmettetal85@ow.ly,Robbie,Mettetal,Bigender,06/23/1955,396
295,bmcnae86@nbcnews.com,Barrie,McNae,Female,03/25/1957,791
296,fmallya87@wsj.com,Frederic,Mallya,Bigender,04/11/1964,784
297,vreames88@altervista.org,Viva,Reames,Non-binary,06/29/1966,767
298,bvonwelldun89@dagondesign.com,Bourke,Von Welldun,Non-binary,08/12/1958,855
299,odonnel8a@vk.com,Odo,Donnel,Bigender,02/15/1982,198
300,dpresdie8b@un.org,Darrell,Presdie,Genderfluid,01/26/1979,895
301,kokeefe8c@marketwatch.com,Kara,O'Keefe,Genderqueer,08/11/1990,913
302,zganforthe8d@bravesites.com,Zebedee,Ganforthe,Female,01/30/1998,796
303,mmenault8e@disqus.com,Matelda,Menault,Genderqueer,02/01/1980,201
304,fmikalski8f@imgur.com,Faye,Mikalski,Polygender,06/27/1964,732
305,cmassard8g@drupal.org,Chelsy,Massard,Female,03/01/1963,346
306,lciccotto8h@stumbleupon.com,Lynnelle,Ciccotto,Non-binary,01/15/1991,161
307,ndearan8i@cocolog-nifty.com,Ninetta,Dearan,Non-binary,09/06/1983,943
308,peadie8j@miitbeian.gov.cn,Parnell,Eadie,Non-binary,10/15/1959,471
309,ohalleybone8k@usda.gov,Olav,Halleybone,Female,09/26/1977,889
310,fgrindlay8l@fotki.com,Fawn,Grindlay,Male,01/05/1972,922
311,rbrecknock8m@blinklist.com,Rivkah,Brecknock,Female,09/29/1969,121
312,moattes8n@mediafire.com,Manfred,Oattes,Bigender,12/15/1998,680
313,ahoogendorp8o@bing.com,Auberta,Hoogendorp,Polygender,09/07/1997,511
314,nbagott8p@bloglines.com,Noel,Bagott,Female,04/04/1993,543
315,nledrane8q@wikipedia.org,Nari,Ledrane,Bigender,09/07/1975,911
316,cwrightson8r@google.nl,Constantia,Wrightson,Non-binary,09/15/1998,882
317,dgooke8s@devhub.com,Dari,Gooke,Bigender,09/30/1955,713
318,ehurley8t@microsoft.com,Eric,Hurley,Bigender,10/20/1988,467
319,caburrow8u@mayoclinic.com,Cale,Aburrow,Female,11/25/1988,817
320,abalazot8v@mashable.com,Aluino,Balazot,Agender,11/23/1989,581
321,sklosges8w@vistaprint.com,Shay,Klosges,Genderqueer,08/27/1982,463
322,wsidwell8x@disqus.com,Woodie,Sidwell,Bigender,01/31/1992,306
323,jelvish8y@elegantthemes.com,Jennilee,Elvish,Female,09/01/1962,710
324,bboyington8z@google.pl,Bill,Boyington,Polygender,12/08/1997,340
325,ccoggell90@hhs.gov,Con,Coggell,Genderfluid,04/24/1978,895
326,lpendlington91@abc.net.au,Linnet,Pendlington,Female,05/18/1973,568
327,nhansford92@boston.com,Nicholas,Hansford,Non-binary,05/05/1985,343
328,rbodham93@barnesandnoble.com,Roscoe,Bodham,Genderfluid,01/31/1994,118
329,ablackburne94@dailymotion.com,Anabal,Blackburne,Polygender,09/17/1998,662
330,lhirschmann95@indiatimes.com,Lindie,Hirschmann,Genderfluid,11/05/1982,971
331,shanes96@cisco.com,Suzy,Hanes,Genderqueer,01/20/1961,899
332,jtalmadge97@mac.com,Judd,Talmadge,Male,03/24/1968,192
333,pmcduall98@miibeian.gov.cn,Pancho,McDuall,Non-binary,07/09/1996,875
334,upalfreeman99@buzzfeed.com,Urson,Palfreeman,Polygender,08/12/1968,698
335,cmcinteer9a@typepad.com,Clarita,McInteer,Non-binary,06/28/1975,360
336,aslingsby9b@odnoklassniki.ru,Arvie,Slingsby,Female,05/08/1969,370
337,sshah9c@miitbeian.gov.cn,See,Shah,Agender,05/09/1971,742
338,bklementz9d@symantec.com,Bernardine,Klementz,Agender,04/30/1989,739
339,wminchinton9e@economist.com,Wake,Minchinton,Male,03/14/1967,133
340,hdrowsfield9f@youtube.com,Hasheem,Drowsfield,Genderfluid,10/21/1963,183
341,djedrzejewski9g@umn.edu,Dionisio,Jedrzejewski,Genderqueer,09/10/1985,773
342,eparker9h@facebook.com,Egbert,Parker,Genderqueer,01/16/1987,373
343,ivilliers9i@sbwire.com,Iorgo,Villiers,Male,08/04/1955,188
344,ciozefovich9j@i2i.jp,Carlos,Iozefovich,Genderqueer,09/19/1995,803
345,knineham9k@mashable.com,Kyle,Nineham,Non-binary,04/28/1959,243
346,edochon9l@hibu.com,Edgar,Dochon,Genderqueer,01/07/1978,364
347,cstoakley9m@people.com.cn,Caril,Stoakley,Bigender,02/13/1956,510
348,khaster9n@free.fr,Karim,Haster,Male,04/30/1957,687
349,aluxford9o@discovery.com,Adelina,Luxford,Male,03/07/1973,699
350,rcouvet9p@craigslist.org,Rennie,Couvet,Non-binary,09/26/1968,533
351,eatty9q@harvard.edu,Ephrem,Atty,Genderqueer,08/29/1958,883
352,estrothers9r@so-net.ne.jp,Evie,Strothers,Male,01/28/2000,957
353,rsilmon9s@w3.org,Royce,Silmon,Genderfluid,06/22/1955,372
354,hrutland9t@feedburner.com,Hakim,Rutland,Agender,02/04/1992,674
355,tmarlin9u@bbb.org,Trixy,Marlin,Genderqueer,08/01/1986,974
356,bbartram9v@canalblog.com,Brunhilde,Bartram,Female,04/09/1983,295
357,aogelsby9w@soup.io,Agretha,Ogelsby,Male,02/06/1999,300
358,rshapero9x@linkedin.com,Rafe,Shapero,Female,07/29/1990,631
359,cjoannic9y@people.com.cn,Cynthia,Joannic,Female,07/01/1960,409
360,ckitlee9z@goodreads.com,Carly,Kitlee,Non-binary,06/20/1985,950
361,kjeratta0@bing.com,Koralle,Jeratt,Female,01/01/1984,642
362,glacroixa1@opensource.org,Gerry,Lacroix,Polygender,01/10/1999,675
363,gflauberta2@people.com.cn,Gregorio,Flaubert,Genderqueer,10/14/1964,246
364,tskaifea3@linkedin.com,Torr,Skaife,Bigender,11/09/1971,753
365,awaddilowa4@theguardian.com,Andria,Waddilow,Agender,08/10/1980,381
366,scostellowa5@woothemes.com,Shelby,Costellow,Agender,09/11/1991,532
367,caspraya6@amazon.co.jp,Cooper,Aspray,Bigender,06/24/1991,862
368,aransfielda7@friendfeed.com,Agustin,Ransfield,Polygender,09/26/1970,790
369,amompessona8@csmonitor.com,Ardelle,Mompesson,Non-binary,06/28/1964,741
370,pormonda9@cdc.gov,Palmer,Ormond,Non-binary,10/08/1994,828
371,cjaumeaa@slate.com,Celle,Jaume,Male,06/07/1997,146
372,kkegginsab@mapy.cz,Kathy,Keggins,Agender,07/29/1997,235
373,fclarkinac@google.ru,Feliza,Clarkin,Genderfluid,11/05/1981,123
374,ebalentynead@tinyurl.com,Eleonore,Balentyne,Female,07/24/1990,501
375,qmacinherneyae@linkedin.com,Quincy,MacInherney,Agender,06/17/1973,897
376,ajacquemotaf@samsung.com,Alex,Jacquemot,Agender,07/06/1990,982
377,gburgoineag@discuz.net,Giles,Burgoine,Polygender,11/19/1984,665
378,ccollierah@instagram.com,Cleve,Collier,Female,07/23/1973,718
379,dcumoai@slideshare.net,Darryl,Cumo,Non-binary,04/24/1974,945
380,bruddockaj@360.cn,Beret,Ruddock,Agender,09/30/1979,491
381,mballchinak@posterous.com,Melisa,Ballchin,Genderqueer,05/27/1987,477
382,tohallihaneal@illinois.edu,Tannie,O'Hallihane,Male,05/01/1968,539
383,aromaineam@ihg.com,Anastassia,Romaine,Polygender,07/10/1992,465
384,jribbensan@dailymail.co.uk,Janette,Ribbens,Polygender,04/29/1970,758
385,rcrownshawao@mapy.cz,Ruthann,Crownshaw,Polygender,10/20/1996,192
386,vpicfordap@ucsd.edu,Velvet,Picford,Genderqueer,01/08/1978,502
387,cwartnabyaq@homestead.com,Christophe,Wartnaby,Non-binary,04/25/1985,783
388,mlentear@bbb.org,Margarita,Lente,Non-binary,07/19/1994,871
389,jkhristoforovas@t.co,Jeanna,Khristoforov,Male,12/19/1983,559
390,ftanmanat@mlb.com,Flory,Tanman,Genderfluid,08/23/1962,509
391,mstockinau@toplist.cz,Michal,Stockin,Genderqueer,09/06/1998,253
392,jeslingerav@fda.gov,Jacklyn,Eslinger,Genderfluid,04/28/1993,899
393,arimeaw@answers.com,Ailyn,Rime,Female,09/02/1986,112
394,ckiebesax@gizmodo.com,Chrystal,Kiebes,Genderqueer,06/07/1970,538
395,mverbeekay@twitpic.com,Mariejeanne,Verbeek,Genderfluid,12/21/1996,534
396,tlecordieraz@barnesandnoble.com,Tallulah,Lecordier,Genderqueer,07/23/1993,878
397,dhessingb0@amazon.co.uk,Darius,Hessing,Genderfluid,06/30/1995,358
398,atashb1@theatlantic.com,Angel,Tash,Male,11/18/1960,565
399,bfaseyb2@a8.net,Bren,Fasey,Genderfluid,10/07/1968,301
400,golliffeb3@tinyurl.com,Gaile,Olliffe,Bigender,07/30/1978,282
401,dclemonb4@tripadvisor.com,Dotti,Clemon,Polygender,02/22/1990,773
402,uschulerb5@google.cn,Uta,Schuler,Genderqueer,05/22/1997,491
403,tjakubowskyb6@un.org,Trisha,Jakubowsky,Non-binary,01/31/1974,708
404,rmeadenb7@dailymotion.com,Rebekah,Meaden,Female,11/02/1972,733
405,schanterb8@globo.com,Stephen,Chanter,Male,12/09/1996,804
406,vgrevileb9@oracle.com,Vinita,Grevile,Genderqueer,04/25/1961,606
407,ngoadba@cnet.com,Nealson,Goad,Bigender,12/08/1983,787
408,erowburybb@pbs.org,Egan,Rowbury,Agender,12/10/1956,496
409,meannettabc@weebly.com,Murvyn,Eannetta,Non-binary,04/25/1961,730
410,takasterbd@usnews.com,Tiphany,Akaster,Non-binary,10/14/1974,440
411,gelgeybe@usa.gov,Gwyneth,Elgey,Agender,02/13/1991,414
412,hkarpenyabf@gravatar.com,Henry,Karpenya,Male,11/04/1998,404
413,jbraunesbg@themeforest.net,Jerrome,Braunes,Male,08/13/1975,573
414,sniccolsbh@mapquest.com,Stacy,Niccols,Polygender,06/15/1968,469
415,ohackforthbi@wikia.com,Oona,Hackforth,Male,07/07/1976,582
416,mbowermanbj@facebook.com,Misty,Bowerman,Genderqueer,11/22/1961,948
417,smcfeatebk@auda.org.au,Sly,McFeate,Genderfluid,06/23/1975,766
418,jbrinkmanbl@exblog.jp,Jonas,Brinkman,Genderqueer,09/21/1959,237
419,hbyartbm@berkeley.edu,Hammad,Byart,Agender,11/23/1956,665
420,fwharrierbn@dyndns.org,Frederich,Wharrier,Genderfluid,11/08/1958,692
421,cdoubledaybo@prweb.com,Cad,Doubleday,Male,04/29/1990,527
422,rgippsbp@sogou.com,Ruby,Gipps,Genderfluid,08/03/1995,423
423,sglederbq@baidu.com,Sheffie,Gleder,Agender,07/22/1959,428
424,hsimonsonbr@domainmarket.com,Heath,Simonson,Non-binary,04/29/1993,146
425,cpurdybs@google.ru,Chrisse,Purdy,Female,08/31/1963,678
426,wpleasauncebt@addtoany.com,Wolfy,Pleasaunce,Bigender,05/12/1992,634
427,fabrambu@globo.com,Fannie,Abram,Polygender,07/02/1962,580
428,kkelcherbv@mediafire.com,Kellyann,Kelcher,Non-binary,08/18/1989,110
429,hseiterbw@360.cn,Horton,Seiter,Male,04/26/1961,477
430,cbaulchbx@sina.com.cn,Carlee,Baulch,Genderqueer,12/17/1984,332
431,cbarendsby@blogs.com,Curry,Barends,Male,09/08/1972,163
432,epimblottbz@webnode.com,Elvyn,Pimblott,Female,12/17/1959,874
433,isterrec0@mapy.cz,Ingunna,Sterre,Polygender,08/12/1980,395
434,pwrennc1@squidoo.com,Phedra,Wrenn,Male,04/22/1983,136
435,hrounsefellc2@woothemes.com,Haskell,Rounsefell,Female,05/21/1973,332
436,twoodhamc3@so-net.ne.jp,Tremayne,Woodham,Male,01/11/1993,597
437,mdavidzonc4@ovh.net,Miner,Davidzon,Bigender,12/28/1966,704
438,blippettc5@google.com.au,Beatrisa,Lippett,Polygender,11/25/1975,700
439,hmegarryc6@webnode.com,Hannis,Megarry,Agender,07/01/1974,970
440,djacksonc7@marriott.com,Darryl,Jackson,Agender,03/06/1993,960
441,ctroddenc8@comcast.net,Chad,Trodden,Genderqueer,09/14/1967,924
442,kgiloglyc9@imageshack.us,Kailey,Gilogly,Bigender,03/28/1972,211
443,bmillionca@posterous.com,Bevan,Million,Genderqueer,10/12/1995,626
444,rreiachcb@ehow.com,Roseline,Reiach,Male,02/16/1956,308
445,fwalklettcc@wisc.edu,Frank,Walklett,Female,10/14/1998,278
446,gmilnecd@netscape.com,Gabbi,Milne,Agender,01/29/1980,667
447,ekniftonce@reddit.com,Ebenezer,Knifton,Female,11/07/1985,658
448,mlivesaycf@ted.com,Maurita,Livesay,Bigender,09/27/1962,206
449,amiguetcg@wordpress.com,Alidia,Miguet,Polygender,11/21/1976,968
450,jdimeoch@google.com.br,Jennifer,Di Meo,Genderqueer,08/26/1998,921
451,charteci@psu.edu,Carmon,Harte,Polygender,05/23/1980,118
452,jaskellcj@vimeo.com,Jeannette,Askell,Agender,12/06/1995,915
453,phulmeck@acquirethisname.com,Pauletta,Hulme,Polygender,02/02/1998,564
454,lsapsedcl@accuweather.com,Laurena,Sapsed,Genderfluid,02/25/1980,617
455,rchiverscm@ft.com,Roxanna,Chivers,Male,10/02/1976,737
456,hhockellcn@eepurl.com,Heda,Hockell,Male,12/21/1964,904
457,hhallaganco@nasa.gov,Hazel,Hallagan,Polygender,01/21/1961,592
458,mrechercp@nih.gov,Mellisent,Recher,Genderqueer,08/03/1992,580
459,bhearthfieldcq@tripadvisor.com,Brinn,Hearthfield,Male,07/30/1965,759
460,kchrismascr@cpanel.net,Kylynn,Chrismas,Female,11/29/1961,294
461,gpaddycs@mozilla.com,Gae,Paddy,Bigender,01/28/1983,563
462,bocorhanect@google.nl,Binnie,O'Corhane,Male,01/16/1975,349
463,npedersencu@wikimedia.org,Noel,Pedersen,Female,02/12/1999,397
464,bayliffcv@goo.gl,Blythe,Ayliff,Polygender,08/19/1998,577
465,sradmorecw@indiegogo.com,Stacey,Radmore,Male,09/04/1977,684
466,sspadaricx@tamu.edu,Sargent,Spadari,Bigender,10/13/1962,892
467,wmacsweency@newsvine.com,Wilden,MacSween,Non-binary,09/11/1968,283
468,asongestcz@seesaa.net,Ajay,Songest,Polygender,03/17/1967,750
469,hkensettd0@tmall.com,Helena,Kensett,Genderqueer,09/04/1997,707
470,gdarnbroughd1@angelfire.com,Gerick,Darnbrough,Female,06/05/1964,741
471,tcowlandd2@elegantthemes.com,Terrill,Cowland,Genderqueer,11/16/1995,486
472,snickelld3@alibaba.com,Sanson,Nickell,Genderfluid,07/08/1980,801
473,zsibund4@shutterfly.com,Zelma,Sibun,Genderfluid,05/06/1993,118
474,ctriplowd5@dedecms.com,Cristina,Triplow,Agender,01/09/1976,772
475,wofergusd6@goo.gl,Wilow,O'Fergus,Agender,10/20/1968,462
476,ctrevettd7@ucla.edu,Cherilyn,Trevett,Male,08/29/1964,989
477,vbenoitond8@nytimes.com,Vanya,Benoiton,Bigender,04/04/1980,753
478,drecked9@fc2.com,Darlleen,Recke,Agender,09/22/1961,883
479,mdescoffierda@furl.net,Merrilee,d'Escoffier,Female,03/11/1993,980
480,fmccorkelldb@last.fm,Frannie,McCorkell,Genderfluid,05/14/1994,545
481,gtarrendc@stumbleupon.com,Gabriella,Tarren,Genderqueer,12/11/1984,460
482,kcomettidd@bbc.co.uk,Kassia,Cometti,Male,11/30/1960,984
483,scymperde@intel.com,Stanton,Cymper,Female,01/15/1999,570
484,tgoodbarrdf@nbcnews.com,Thain,Goodbarr,Genderfluid,08/14/1995,342
485,lmeekingdg@uol.com.br,Lambert,Meeking,Non-binary,10/20/1965,653
486,rdeeringdh@cornell.edu,Ramsay,Deering,Polygender,08/12/1964,811
487,sbenyondi@nationalgeographic.com,Sarine,Benyon,Male,01/22/1972,835
488,vscrutondj@furl.net,Valentijn,Scruton,Genderfluid,07/09/1966,447
489,jeddowdk@woothemes.com,Jud,Eddow,Genderfluid,06/23/1969,419
490,hcastandl@chicagotribune.com,Hodge,Castan,Genderqueer,06/23/1991,110
491,pjohnstondm@ezinearticles.com,Petronella,Johnston,Agender,02/07/1973,464
492,mmakepeacedn@google.it,Mala,Makepeace,Male,01/02/1981,103
493,jacunado@wordpress.org,Joyan,Acuna,Bigender,03/30/1968,229
494,ahavelinedp@europa.eu,Averill,Haveline,Agender,01/29/1982,127
495,hlawleydq@oakley.com,Hedwig,Lawley,Genderfluid,02/06/1970,356
496,scasalettodr@sourceforge.net,Sheeree,Casaletto,Polygender,08/19/1984,375
497,araithmillds@google.com.br,Alan,Raithmill,Genderfluid,01/14/1964,583
498,mkurtisdt@slashdot.org,Mercedes,Kurtis,Polygender,10/17/1979,126
499,tkennellydu@last.fm,Tab,Kennelly,Non-binary,12/16/1964,963
500,hheyworthdv@example.com,Harley,Heyworth,Male,04/01/1973,841
501,lhebblewhitedw@umich.edu,Lindsay,Hebblewhite,Agender,01/30/1970,249
502,ktinseydx@fc2.com,Kaleena,Tinsey,Polygender,12/01/1976,811
503,kbratleydy@ihg.com,Kiri,Bratley,Genderfluid,11/15/1981,450
504,hsimminsdz@unc.edu,Hermina,Simmins,Non-binary,06/24/1969,136
505,rdalzelle0@fotki.com,Rycca,Dalzell,Male,07/28/1986,311
506,jkyndere1@ebay.co.uk,Joell,Kynder,Non-binary,11/28/1979,156
507,amartignone2@prlog.org,Ali,Martignon,Bigender,08/09/1976,704
508,myaneeve3@npr.org,Michelina,Yaneev,Agender,10/31/1964,443
509,abarrassee4@ucoz.ru,Aveline,Barrasse,Agender,06/06/1993,693
510,gcawstone5@sina.com.cn,Gray,Cawston,Male,02/01/1987,196
511,dancliffe6@sphinn.com,Dinny,Ancliff,Male,12/26/1977,912
512,lbasile7@printfriendly.com,Lonny,Basil,Agender,05/20/1966,412
513,masalse8@economist.com,Morry,Asals,Genderfluid,03/12/1964,184
514,fhansleye9@berkeley.edu,Farley,Hansley,Genderfluid,10/10/1979,887
515,phessayea@time.com,Phillida,Hessay,Female,09/24/1971,415
516,wyansonseb@guardian.co.uk,Waverly,Yansons,Male,08/29/1981,581
517,mmcphillipsec@deliciousdays.com,Mathe,McPhillips,Genderqueer,04/08/1982,315
518,dgrillsed@mapquest.com,Davis,Grills,Agender,12/05/1998,563
519,kwhittockee@yolasite.com,King,Whittock,Polygender,08/24/1991,895
520,cmcginnyef@blogtalkradio.com,Christoforo,McGinny,Genderfluid,12/14/1993,169
521,styeeg@wikimedia.org,Saidee,Tye,Genderqueer,02/06/1974,772
522,bfeldheimeh@mapy.cz,Binny,Feldheim,Bigender,07/18/1988,314
523,sdanherei@facebook.com,Sayres,Danher,Genderfluid,11/26/1981,108
524,mdifrancescoej@ted.com,Mufinella,Di Francesco,Polygender,07/01/1996,722
525,klemonnierek@liveinternet.ru,Korie,Lemonnier,Bigender,10/20/1961,880
526,fbinghamel@huffingtonpost.com,Ferdinanda,Bingham,Bigender,03/25/1976,120
527,sdutchburnem@naver.com,Stavro,Dutchburn,Genderfluid,08/08/1958,201
528,bpetigrewen@hc360.com,Boone,Petigrew,Bigender,12/26/1977,856
529,olinkeo@devhub.com,Olivie,Link,Non-binary,10/29/1965,454
530,mtrevorep@mediafire.com,Milo,Trevor,Female,05/28/1971,559
531,emowereq@telegraph.co.uk,Emilio,Mower,Agender,10/18/1985,749
532,ktyttertoner@yale.edu,Krista,Tytterton,Non-binary,11/16/1955,378
533,bwillimentes@cnn.com,Bliss,Williment,Bigender,01/08/1966,556
534,ldracheet@arizona.edu,Lois,Drache,Non-binary,09/18/1967,763
535,aantliffeu@yahoo.com,Ann-marie,Antliff,Male,04/22/1981,302
536,kderrellev@sogou.com,Krishnah,Derrell,Agender,09/09/1989,633
537,dmaccorkellew@acquirethisname.com,Delmor,MacCorkell,Non-binary,10/05/1958,565
538,fhyndex@accuweather.com,Fleur,Hynd,Polygender,07/02/1986,869
539,dcansdalley@booking.com,Devondra,Cansdall,Polygender,01/13/1989,704
540,eculmerez@surveymonkey.com,Ernaline,Culmer,Non-binary,12/19/1962,196
541,vgladdenf0@cocolog-nifty.com,Vivianne,Gladden,Agender,04/09/1989,648
542,efranzolif1@reverbnation.com,Elvin,Franzoli,Agender,12/25/1990,840
543,ymccarlyf2@google.fr,Yurik,McCarly,Bigender,04/02/1978,181
544,cturevillef3@google.ru,Cathleen,Tureville,Agender,02/12/1971,103
545,kgoldneyf4@google.com,Karena,Goldney,Genderqueer,04/22/1992,995
546,bgaiterf5@google.de,Bennie,Gaiter,Non-binary,01/05/1980,619
547,cklauberf6@va.gov,Cariotta,Klauber,Male,11/27/1963,230
548,dpoonf7@ifeng.com,Deane,Poon,Female,08/06/1996,733
549,fdonisif8@yelp.com,Francesca,D'Onisi,Polygender,09/02/1972,605
550,amuckartf9@a8.net,Augy,Muckart,Genderfluid,08/18/1958,329
551,aforsythfa@diigo.com,Arleyne,Forsyth,Bigender,07/04/1980,981
552,sbarnishfb@quantcast.com,Sterling,Barnish,Genderfluid,04/16/1985,929
553,jnorcottfc@addtoany.com,Jacques,Norcott,Agender,01/13/1963,520
554,pbertolaccinifd@webeden.co.uk,Pierrette,Bertolaccini,Male,06/09/1975,411
555,ngratlandfe@intel.com,Nessi,Gratland,Polygender,10/27/1980,639
556,ndowsff@digg.com,Nessi,Dows,Genderqueer,03/07/1979,374
557,ageckefg@360.cn,Aharon,Gecke,Female,04/15/1967,764
558,fcoopfh@gnu.org,Florence,Coop,Agender,07/22/1991,847
559,vkinchfi@spiegel.de,Vonny,Kinch,Agender,05/15/1970,678
560,iambrozewiczfj@disqus.com,Ivory,Ambrozewicz,Genderfluid,04/08/1967,504
561,wraisbeckfk@wix.com,Wald,Raisbeck,Genderqueer,07/03/1992,291
562,tspeddinfl@hubpages.com,Tabbatha,Speddin,Polygender,07/31/1971,550
563,mcleeffm@sciencedaily.com,Malissa,Cleef,Male,02/17/1985,440
564,jvalentinefn@alibaba.com,Jacobo,Valentine,Female,02/25/1982,764
565,gbengefieldfo@cnet.com,Gasparo,Bengefield,Male,11/07/1976,793
566,ncarlozzifp@oakley.com,Neel,Carlozzi,Genderqueer,06/01/1964,880
567,dmarrisonfq@devhub.com,Dolf,Marrison,Female,02/15/1997,559
568,rlambrichtfr@ifeng.com,Rhea,Lambricht,Bigender,09/26/1984,963
569,kfarnillfs@guardian.co.uk,Kerr,Farnill,Bigender,01/09/1957,415
570,eordft@tiny.cc,Erroll,Ord,Polygender,02/13/1992,801
571,tcroshamfu@networkadvertising.org,Tod,Crosham,Male,09/10/1996,563
572,rbidmeadfv@etsy.com,Rusty,Bidmead,Genderfluid,11/30/1976,437
573,acroisierfw@uol.com.br,Andrea,Croisier,Female,08/04/1992,514
574,rhalfhidefx@cnet.com,Reed,Halfhide,Genderqueer,09/19/1961,581
575,bstariesfy@buzzfeed.com,Berte,Staries,Bigender,11/17/1962,948
576,enairnsfz@google.ru,Evelin,Nairns,Agender,08/28/1985,472
577,spitherg0@technorati.com,Sidonnie,Pither,Male,01/12/1990,888
578,bricartg1@arstechnica.com,Binni,Ricart,Genderqueer,05/20/1970,236
579,mskyrmeg2@usda.gov,Madalena,Skyrme,Male,02/19/1961,444
580,mmclaffertyg3@uiuc.edu,Maure,McLafferty,Genderqueer,11/15/1956,463
581,phutchinsg4@techcrunch.com,Pia,Hutchins,Male,03/06/1965,177
582,pfarrellg5@bizjournals.com,Pavia,Farrell,Non-binary,09/26/1977,582
583,mbollomg6@360.cn,Marv,Bollom,Non-binary,06/28/1957,803
584,cnortheastg7@ebay.com,Curt,Northeast,Agender,05/19/1960,596
585,rdangerfieldg8@skyrock.com,Romain,Dangerfield,Non-binary,05/20/1957,341
586,lllywarchg9@uol.com.br,Libbi,Llywarch,Agender,05/25/1964,313
587,asympsonga@cocolog-nifty.com,Aaren,Sympson,Genderfluid,12/25/1959,957
588,mewbanchegb@google.co.uk,Maryanne,Ewbanche,Genderqueer,11/02/1991,164
589,wvlasovgc@google.nl,Wally,Vlasov,Bigender,01/06/1988,671
590,bcroshamgd@canalblog.com,Bebe,Crosham,Polygender,08/01/1983,725
591,ekelshawge@homestead.com,Edyth,Kelshaw,Polygender,08/08/1979,669
592,mperkingf@instagram.com,Mar,Perkin,Female,11/04/1991,550
593,itorrancegg@creativecommons.org,Ilene,Torrance,Female,03/11/1978,953
594,llukashgh@nih.gov,Lyssa,Lukash,Genderqueer,10/20/1961,233
595,dmurfingi@nba.com,Dewitt,Murfin,Genderqueer,05/02/1957,975
596,iabelovgj@columbia.edu,Ivie,Abelov,Non-binary,05/13/1978,266
597,dmcquilkingk@dedecms.com,Daisi,McQuilkin,Non-binary,07/01/1994,579
598,loxshottgl@blog.com,Leicester,Oxshott,Male,01/01/1985,398
599,cjermyngm@china.com.cn,Cesya,Jermyn,Male,05/23/1982,908
600,iwattinhamgn@blogtalkradio.com,Isak,Wattinham,Male,10/27/1977,460
601,tbartosiakgo@cargocollective.com,Towney,Bartosiak,Male,05/15/1961,877
602,adewaregp@google.nl,Anabelle,Deware,Female,10/11/1967,527
603,rparslowgq@unblog.fr,Rey,Parslow,Male,07/14/1995,190
604,honngr@businesswire.com,Hendrika,Onn,Polygender,07/25/1973,623
605,tnorreegs@plala.or.jp,Theressa,Norree,Genderqueer,03/26/1975,394
606,ldeyegt@bluehost.com,Lucian,d' Eye,Female,08/24/1968,722
607,rkortinggu@wix.com,Randee,Korting,Non-binary,05/25/1991,954
608,jlambalgv@twitter.com,Juana,Lambal,Non-binary,09/27/1985,652
609,cvaneedengw@dropbox.com,Courtenay,Van Eeden,Male,04/19/1968,940
610,gjanosevicgx@blog.com,Glynis,Janosevic,Polygender,01/28/1973,199
611,hkingsnorthgy@google.co.jp,Hazel,Kingsnorth,Genderqueer,04/02/2000,843
612,apeschmanngz@bing.com,Aldin,Peschmann,Genderqueer,02/26/1972,796
613,jstonbridgeh0@mysql.com,Justin,Stonbridge,Bigender,10/16/1998,784
614,mrosenboimh1@hhs.gov,Mildred,Rosenboim,Genderqueer,01/15/1977,148
615,ahorrodh2@fastcompany.com,Angele,Horrod,Genderfluid,01/06/1986,309
616,ymaherh3@examiner.com,Yettie,Maher,Polygender,07/19/1997,742
617,cponceth4@harvard.edu,Cirilo,Poncet,Genderfluid,04/19/1957,547
618,tdearingh5@discovery.com,Tommie,Dearing,Polygender,04/21/1983,617
619,naindriuh6@ft.com,Nicki,Aindriu,Bigender,02/10/1988,797
620,ndeverauxh7@simplemachines.org,Natala,Deveraux,Non-binary,12/19/1975,546
621,hbernadeh8@hexun.com,Harley,Bernade,Male,12/10/1969,505
622,rschwandermannh9@upenn.edu,Rolfe,Schwandermann,Female,06/01/1966,582
623,mswaneha@about.com,Mill,Swane,Genderfluid,11/21/1985,829
624,bdoodyhb@slideshare.net,Brock,Doody,Genderqueer,06/27/1979,881
625,emiddlehc@163.com,Eugenie,Middle,Male,05/31/1993,495
626,nstroyanhd@umn.edu,Nanice,Stroyan,Genderfluid,12/08/1996,221
627,mannablehe@uiuc.edu,Miquela,Annable,Agender,06/22/1968,359
628,bhavercrofthf@github.com,Bridgette,Havercroft,Genderfluid,07/10/1970,382
629,hwartershg@com.com,Harmon,Warters,Bigender,03/20/1995,599
630,jgossagehh@tripadvisor.com,Jamima,Gossage,Female,10/06/1996,517
631,rmacalroyhi@shinystat.com,Robinet,MacAlroy,Genderqueer,02/01/1966,824
632,ldundendalehj@blogspot.com,Linn,Dundendale,Non-binary,06/11/1996,147
633,eparamorehk@zdnet.com,Ernest,Paramore,Bigender,03/03/1961,228
634,scoenhl@ft.com,Scott,Coen,Genderfluid,04/04/1964,718
635,aackermannhm@themeforest.net,Abraham,Ackermann,Female,11/17/1968,218
636,imattsonhn@pinterest.com,Idelle,Mattson,Bigender,01/27/1961,171
637,ythomazetho@discovery.com,Yves,Thomazet,Polygender,05/09/1981,864
638,tbetoniahp@infoseek.co.jp,Tanny,Betonia,Non-binary,04/09/1972,781
639,mgorchhq@guardian.co.uk,Melamie,Gorch,Male,09/22/1993,176
640,cstrapphr@umn.edu,Carolus,Strapp,Genderfluid,11/08/1962,382
641,ldonnisonhs@wunderground.com,Lenard,Donnison,Genderqueer,04/02/1986,913
642,bmaberleyht@dell.com,Beryl,Maberley,Polygender,02/25/1966,259
643,rprouthu@prnewswire.com,Rubetta,Prout,Polygender,02/16/1990,495
644,mfowlstonhv@slideshare.net,Marline,Fowlston,Polygender,09/11/1993,102
645,cgynnehw@dedecms.com,Coop,Gynne,Polygender,11/19/1957,394
646,jchadbournehx@bloomberg.com,Jameson,Chadbourne,Genderqueer,07/27/1998,381
647,pbezantshy@vkontakte.ru,Patrica,Bezants,Genderqueer,06/04/1983,664
648,nvonderemptenhz@elegantthemes.com,Neale,Von Der Empten,Female,03/12/1961,488
649,areedersi0@mtv.com,Ailsun,Reeders,Genderqueer,03/28/1996,132
650,lknipei1@rambler.ru,Leighton,Knipe,Agender,11/28/1988,232
651,flownesi2@so-net.ne.jp,Fidelity,Lownes,Polygender,05/26/1972,760
652,mpohlaki3@youtube.com,Marion,Pohlak,Bigender,07/03/1988,249
653,rhartigani4@wix.com,Ruby,Hartigan,Non-binary,09/27/1968,545
654,cmoulderi5@webmd.com,Constanta,Moulder,Male,02/20/1968,997
655,gmorranti6@wisc.edu,Garret,Morrant,Agender,03/02/1984,198
656,ymcshiriei7@cisco.com,Yettie,McShirie,Agender,01/29/1997,272
657,hdowsingi8@nationalgeographic.com,Hamil,Dowsing,Female,11/25/1968,250
658,alindsleyi9@paginegialle.it,Annalee,Lindsley,Genderqueer,02/06/1967,769
659,spepinia@state.gov,Sherilyn,Pepin,Male,05/03/2000,475
660,mephsonib@jalbum.net,Millicent,Ephson,Genderfluid,02/03/1978,212
661,jgallantic@ning.com,Jonah,Gallant,Genderqueer,11/30/1988,740
662,nmarlinid@msn.com,Nickie,Marlin,Female,10/18/1957,388
663,ywaddinghamie@fotki.com,Ynez,Waddingham,Non-binary,10/03/1991,435
664,nsigneif@upenn.edu,Ninnette,Signe,Genderfluid,03/08/1958,645
665,abonninig@wp.com,Arnold,Bonnin,Agender,04/06/1979,417
666,kludewigih@hatena.ne.jp,Karlyn,Ludewig,Genderqueer,12/31/1990,405
667,lblenkensopii@reddit.com,Lacee,Blenkensop,Polygender,12/31/1980,345
668,rfintophij@nymag.com,Randi,Fintoph,Genderqueer,11/15/1970,187
669,aendicottik@51.la,Ardyth,Endicott,Polygender,05/28/1969,993
670,ckeartonil@sphinn.com,Charlene,Kearton,Genderfluid,05/06/1997,537
671,ptriggolim@altervista.org,Prent,Triggol,Male,01/09/1994,980
672,nivanchovin@biglobe.ne.jp,Nonah,Ivanchov,Genderqueer,01/27/1980,523
673,avanleeuwenio@spotify.com,Allan,Van Leeuwen,Polygender,02/03/1986,895
674,twheatcroftip@webs.com,Thain,Wheatcroft,Male,11/13/1957,533
675,fwernheriq@dedecms.com,Fransisco,Wernher,Agender,05/03/1994,924
676,ejeavonir@youtube.com,Ermin,Jeavon,Bigender,12/13/1997,204
677,eantoniouis@1und1.de,Erena,Antoniou,Agender,04/23/1999,631
678,pmustonit@mozilla.com,Peter,Muston,Female,02/29/1988,162
679,kfergysoniu@tiny.cc,Keely,Fergyson,Agender,06/12/1991,985
680,dwatkinsoniv@wikipedia.org,Donaugh,Watkinson,Agender,01/13/1997,481
681,pledbetteriw@google.nl,Pearline,Ledbetter,Male,05/17/1985,732
682,hlightbowneix@nydailynews.com,Honor,Lightbowne,Non-binary,10/02/1995,804
683,kmoyiy@wikia.com,Kenton,Moy,Male,02/06/1999,639
684,fbedomeiz@zdnet.com,Felipa,Bedome,Bigender,09/08/1970,820
685,femmotj0@imgur.com,Fair,Emmot,Male,05/04/1983,701
686,cdeluciaj1@imageshack.us,Carney,Delucia,Agender,12/22/1998,305
687,folennikovj2@marriott.com,Fanchon,Olennikov,Non-binary,03/21/1963,844
688,rdowbigginj3@bloglovin.com,Rhea,Dowbiggin,Polygender,09/18/1988,303
689,rspieckj4@wordpress.com,Rennie,Spieck,Genderfluid,11/20/1959,852
690,lmorsheadj5@admin.ch,Lynda,Morshead,Male,01/26/1999,511
691,arapellij6@goo.gl,Ailbert,Rapelli,Genderfluid,08/13/1972,621
692,ggillicej7@joomla.org,Gabi,Gillice,Non-binary,06/14/1974,576
693,dscarmanj8@sourceforge.net,Damara,Scarman,Genderfluid,09/25/1987,618
694,bsamuelj9@aboutads.info,Berenice,Samuel,Genderfluid,12/14/1963,563
695,tsallowsja@census.gov,Toni,Sallows,Polygender,07/16/1988,987
696,mrowbottamjb@deliciousdays.com,Mable,Rowbottam,Genderfluid,02/09/1975,360
697,ktourlejc@nature.com,Keri,Tourle,Non-binary,06/05/1985,654
698,astoresjd@de.vu,Abigael,Stores,Male,05/28/1986,213
699,dhellerje@hhs.gov,Dania,Heller,Bigender,05/21/1956,911
700,odaniellotjf@google.ca,Olivia,Daniellot,Non-binary,08/23/1973,192
701,mjonathonjg@hud.gov,Marybelle,Jonathon,Agender,07/07/1961,351
702,kiowarchjh@cisco.com,Karyl,Iowarch,Male,06/29/1962,930
703,hphoenixji@wordpress.org,Helen,Phoenix,Genderqueer,01/07/1981,197
704,cbrennenjj@imageshack.us,Christina,Brennen,Bigender,01/26/1981,285
705,mmingauldjk@amazonaws.com,Marwin,Mingauld,Female,11/08/1966,803
706,sferfullejl@list-manage.com,Shea,Ferfulle,Polygender,12/29/1972,169
707,cmangonjm@bravesites.com,Corella,Mangon,Polygender,01/25/1985,941
708,lwillmentjn@sphinn.com,Lindsy,Willment,Male,04/12/1980,777
709,ldilrewjo@google.cn,Linoel,Dilrew,Female,01/02/1977,279
710,kilyuninjp@behance.net,Karlotte,Ilyunin,Polygender,04/20/1971,940
711,sdivinejq@illinois.edu,Shantee,Divine,Genderfluid,01/03/1998,800
712,lelecumjr@github.com,Letta,Elecum,Non-binary,08/19/1963,233
713,dluardjs@prweb.com,Dionis,Luard,Genderfluid,12/09/1988,130
714,fegdaljt@twitter.com,Freddy,Egdal,Genderqueer,02/02/1973,729
715,giacovoneju@imageshack.us,Giselbert,Iacovone,Male,06/09/1975,239
716,taschejv@uol.com.br,Thalia,Asche,Agender,05/13/1973,560
717,smarwickjw@epa.gov,Sargent,Marwick,Genderqueer,09/14/1974,108
718,mbossonsjx@wordpress.com,Madelyn,Bossons,Genderfluid,02/21/1972,922
719,gbatallejy@qq.com,Garek,Batalle,Polygender,06/14/1963,658
720,krochfordjz@usgs.gov,Kristine,Rochford,Genderfluid,10/10/1975,983
721,acenterk0@wikipedia.org,Asa,Center,Genderfluid,02/26/1987,821
722,imcgeadyk1@about.me,Ilysa,McGeady,Polygender,05/19/1960,208
723,jfetterplacek2@addtoany.com,Joana,Fetterplace,Non-binary,04/27/1962,235
724,ctomowiczk3@umich.edu,Caryl,Tomowicz,Non-binary,07/25/1983,878
725,hwinsborrowk4@toplist.cz,Huberto,Winsborrow,Agender,06/06/1955,382
726,rjemmisonk5@nytimes.com,Renault,Jemmison,Genderfluid,06/08/1987,786
727,lamphlettk6@independent.co.uk,Lucilia,Amphlett,Non-binary,04/08/1969,778
728,sshanksterk7@businesswire.com,Scarlett,Shankster,Female,04/26/1983,781
729,eleiferk8@behance.net,Elvira,Leifer,Agender,04/07/1982,941
730,lmckinnonk9@weibo.com,Lizzie,McKinnon,Female,06/29/1996,507
731,ehillhouseka@wired.com,Ellissa,Hillhouse,Female,11/28/1982,344
732,fbohlingkb@va.gov,Freddie,Bohling,Female,08/06/1989,305
733,opettyfarkc@twitpic.com,Ogdon,Pettyfar,Female,11/03/1980,949
734,nfendtkd@cafepress.com,Nefen,Fendt,Female,06/02/1966,201
735,sruskke@w3.org,Stavro,Rusk,Genderqueer,12/14/1984,612
736,nlambournekf@wix.com,Nil,Lambourne,Polygender,07/09/1996,375
737,aclowneykg@cbc.ca,Annadiana,Clowney,Bigender,10/12/1956,979
738,aclowsleykh@nydailynews.com,Amitie,Clowsley,Non-binary,12/02/1986,240
739,jreginaki@mayoclinic.com,Joan,Regina,Male,01/01/1980,482
740,cgaskillkj@github.io,Catha,Gaskill,Genderfluid,02/15/1958,616
741,rguittkk@gmpg.org,Rheta,Guitt,Male,10/02/1968,170
742,lscarisbrickkl@squidoo.com,Lenard,Scarisbrick,Non-binary,04/12/1986,779
743,ckhristyukhinkm@sphinn.com,Carlina,Khristyukhin,Agender,12/26/1996,436
744,cbednallkn@guardian.co.uk,Colet,Bednall,Genderqueer,12/23/1993,810
745,pprobeyko@prweb.com,Prescott,Probey,Non-binary,01/04/1963,104
746,jospellisseykp@europa.eu,Jarrod,O'Spellissey,Agender,05/02/1991,971
747,kmennellkq@upenn.edu,Karoline,Mennell,Agender,06/04/1993,249
748,wishamkr@tripadvisor.com,Willow,Isham,Genderqueer,02/09/1973,871
749,wheatlieks@spotify.com,Wilmer,Heatlie,Bigender,10/15/1981,901
750,ofranciskiewiczkt@yellowpages.com,Obadias,Franciskiewicz,Genderqueer,03/29/1996,650
751,zbirtwhistleku@skyrock.com,Zebulen,Birtwhistle,Non-binary,11/07/1982,999
752,klytellkv@icq.com,Klarika,Lytell,Genderfluid,03/24/1962,832
753,dheaslipkw@mac.com,Danyelle,Heaslip,Female,05/21/1996,958
754,jbiggskx@usgs.gov,Jeanette,Biggs,Bigender,10/19/1971,873
755,cforreky@altervista.org,Crin,Forre,Agender,02/06/1991,784
756,hsilbertkz@alexa.com,Hamlin,Silbert,Male,07/14/1981,882
757,mmatchettl0@irs.gov,Melly,Matchett,Genderqueer,12/21/1964,606
758,ggilffillandl1@nbcnews.com,Gradey,Gilffilland,Male,04/07/1989,886
759,kgrouerl2@vkontakte.ru,Kristal,Grouer,Female,10/12/1984,430
760,chagwoodl3@guardian.co.uk,Corbet,Hagwood,Male,09/06/1981,598
761,kmulvyl4@who.int,Kesley,Mulvy,Male,01/16/1989,794
762,vmackrilll5@over-blog.com,Viole,Mackrill,Polygender,05/13/1978,322
763,hhunnywelll6@shutterfly.com,Hanna,Hunnywell,Non-binary,12/18/1991,862
764,eobradainl7@engadget.com,Emmett,O'Bradain,Female,02/10/1966,391
765,ybasketterl8@sbwire.com,Yurik,Basketter,Genderfluid,03/25/1974,322
766,movendenl9@phoca.cz,Merrill,Ovenden,Polygender,03/08/1993,695
767,cbromidgela@washingtonpost.com,Carlee,Bromidge,Non-binary,01/21/1999,760
768,lmcgouganlb@fotki.com,Leo,McGougan,Female,07/09/1974,143
769,hmyhanlc@skyrock.com,Hedvig,Myhan,Polygender,01/01/1988,706
770,rkirvinld@altervista.org,Rina,Kirvin,Agender,07/19/1955,464
771,gmottramle@noaa.gov,Gabrila,Mottram,Polygender,09/01/1968,209
772,hpennamanlf@so-net.ne.jp,Hieronymus,Pennaman,Bigender,12/19/1995,925
773,sthomelinlg@usda.gov,Shurwood,Thomelin,Female,05/22/1972,954
774,bholtawaylh@omniture.com,Billie,Holtaway,Female,08/14/1970,561
775,mleclaireli@princeton.edu,Mandy,Le Claire,Female,12/19/1978,758
776,jtreskelj@acquirethisname.com,Julianne,Treske,Genderfluid,08/17/1975,273
777,lmilbournelk@hao123.com,Lukas,Milbourne,Polygender,01/03/1989,166
778,ezellnerll@google.ca,Elton,Zellner,Bigender,06/12/1987,950
779,cbabidgelm@hhs.gov,Clotilda,Babidge,Male,07/17/1997,851
780,acabbellln@flavors.me,Avictor,Cabbell,Non-binary,11/28/1972,746
781,rfeldharkerlo@bloomberg.com,Rik,Feldharker,Male,11/23/1973,884
782,tvieyralp@gmpg.org,Tomkin,Vieyra,Bigender,10/21/1979,410
783,dsherrattlq@livejournal.com,Dorise,Sherratt,Polygender,07/19/1959,702
784,atrusselllr@toplist.cz,Artus,Trussell,Female,12/03/1998,627
785,rroycels@npr.org,Rena,Royce,Polygender,01/05/1992,314
786,bbagsterlt@irs.gov,Bess,Bagster,Female,01/28/1977,295
787,ktrembathlu@imgur.com,Keir,Trembath,Bigender,06/04/1965,854
788,bjarrattlv@zimbio.com,Baryram,Jarratt,Non-binary,01/08/1958,735
789,sblaxleylw@constantcontact.com,Seline,Blaxley,Genderqueer,08/02/1962,306
790,etrudelx@zimbio.com,Elvyn,Trude,Polygender,11/20/1973,236
791,mwhistonly@ucoz.ru,Melli,Whiston,Non-binary,09/30/1980,658
792,etotherlz@wiley.com,Elke,Tother,Genderqueer,10/01/1993,224
793,rreelym0@independent.co.uk,Reinaldos,Reely,Female,06/23/1984,591
794,csatchelm1@reddit.com,Cesya,Satchel,Bigender,03/31/1992,826
795,stwiddellm2@tuttocitta.it,Spense,Twiddell,Agender,03/02/1995,917
796,pdressellm3@t.co,Piper,Dressell,Agender,05/31/1972,541
797,fbrosem4@independent.co.uk,Friedrich,Brose,Genderfluid,07/11/1956,102
798,cleallm5@cnet.com,Corinne,Leall,Agender,07/02/1959,197
799,gbothenm6@tripod.com,Gaylor,Bothen,Female,12/05/1988,832
800,jgittosem7@ifeng.com,Jorey,Gittose,Agender,04/01/1979,349
801,gyarem8@hc360.com,Gayelord,Yare,Agender,12/06/1976,189
802,cflahivem9@opensource.org,Cello,Flahive,Non-binary,07/01/1980,710
803,ddaviddima@census.gov,Daryl,Daviddi,Non-binary,06/15/1985,564
804,lfeechummb@quantcast.com,Leila,Feechum,Agender,10/09/1982,535
805,iadicotmc@friendfeed.com,Ira,Adicot,Male,05/07/1975,572
806,vcawsymd@typepad.com,Vi,Cawsy,Female,09/03/1990,904
807,gkestevenme@arstechnica.com,Gilli,Kesteven,Agender,08/08/1959,637
808,tdurtnallmf@senate.gov,Talia,Durtnall,Agender,12/15/1988,998
809,lroebymg@creativecommons.org,Lorens,Roeby,Male,06/18/1993,729
810,cmcnallymh@google.fr,Charmane,McNally,Female,05/17/1956,185
811,gcruikshanksmi@opera.com,Genevieve,Cruikshanks,Non-binary,07/17/1974,893
812,gkilbanemj@craigslist.org,Gallagher,Kilbane,Genderqueer,07/13/1996,334
813,prowlattmk@state.tx.us,Patti,Rowlatt,Genderfluid,05/27/1975,266
814,eautieml@hatena.ne.jp,Errol,Autie,Genderfluid,04/19/1973,525
815,pbarltropmm@redcross.org,Peg,Barltrop,Genderqueer,06/01/1991,357
816,mrookwellmn@typepad.com,Marcile,Rookwell,Female,10/20/1966,942
817,hcarlisimo@nymag.com,Hillary,Carlisi,Bigender,12/12/1980,356
818,hricoaldmp@si.edu,Hedy,Ricoald,Genderfluid,08/23/1959,961
819,fhealmq@harvard.edu,Franciska,Heal,Male,08/05/1976,514
820,ctaplowmr@networkadvertising.org,Carlie,Taplow,Genderqueer,11/02/1965,474
821,jamiablems@fc2.com,Jonell,Amiable,Non-binary,07/06/1984,776
822,mbouttellmt@ted.com,Mellie,Bouttell,Bigender,05/16/1956,542
823,ypaylormu@bloglines.com,Yuri,Paylor,Female,06/08/1956,428
824,aclacmv@squidoo.com,Anthia,Clac,Female,02/27/1994,462
825,cmcwhinneymw@pagesperso-orange.fr,Claybourne,Mcwhinney,Genderqueer,12/12/1977,464
826,tlomasneymx@theguardian.com,Teddi,Lomasney,Polygender,06/17/1991,408
827,blaybornmy@histats.com,Barney,Layborn,Bigender,11/28/1966,798
828,bwellsteadmz@sourceforge.net,Bryon,Wellstead,Genderfluid,06/22/1959,998
829,nabelovitzn0@walmart.com,Noelyn,Abelovitz,Agender,05/11/1994,761
830,lmaccaugheyn1@sphinn.com,Lina,MacCaughey,Male,02/13/1961,107
831,fmattausn2@nhs.uk,Felisha,Mattaus,Non-binary,12/11/1982,103
832,apantlingn3@opera.com,Arte,Pantling,Polygender,05/25/1995,298
833,ndenneyn4@imgur.com,Nikolos,Denney,Polygender,07/04/1998,209
834,igagern5@domainmarket.com,Izaak,Gager,Agender,05/20/1982,102
835,edunnann6@hugedomains.com,Elias,Dunnan,Male,11/06/1989,730
836,yrispinn7@imdb.com,Yolanda,Rispin,Genderfluid,02/15/1979,323
837,nchoffinn8@odnoklassniki.ru,Niccolo,Choffin,Male,09/06/1993,558
838,smcelhargyn9@google.fr,Staford,McElhargy,Genderqueer,08/29/1993,435
839,jkissellna@zimbio.com,Jacob,Kissell,Agender,10/16/1964,938
840,jzoephelnb@msu.edu,Jaquith,Zoephel,Non-binary,05/05/1970,665
841,nrowlync@census.gov,Nisse,Rowly,Male,05/04/1979,987
842,lmatthesiusnd@youtube.com,Lloyd,Matthesius,Genderqueer,12/29/1960,893
843,abrunonene@google.co.jp,Amabel,Brunone,Male,03/12/1970,738
844,kmccorkindalenf@nationalgeographic.com,Kareem,McCorkindale,Genderfluid,02/06/1991,105
845,sclapstonng@nih.gov,Sharai,Clapston,Bigender,07/20/1955,202
846,sallbonesnh@cdc.gov,Salvatore,Allbones,Agender,06/28/1955,880
847,aduddingni@aboutads.info,Armstrong,Dudding,Bigender,04/13/1987,560
848,mheimannnj@flickr.com,Magdalen,Heimann,Genderqueer,11/21/1968,818
849,jmantripnk@flickr.com,Janeczka,Mantrip,Non-binary,09/16/1988,825
850,ascougallnl@newsvine.com,Arturo,Scougall,Genderqueer,07/19/1968,214
851,mklimeckinm@utexas.edu,Massimiliano,Klimecki,Genderqueer,06/30/1988,676
852,pseednn@marketwatch.com,Paula,Seed,Agender,07/10/1970,561
853,btwiggsno@deviantart.com,Berkley,Twiggs,Bigender,08/07/1986,870
854,vdahlbomnp@joomla.org,Vasily,Dahlbom,Bigender,12/31/1977,437
855,mcornejonq@senate.gov,Mirabel,Cornejo,Bigender,03/23/1957,347
856,alimeburnernr@spotify.com,Augustus,Limeburner,Non-binary,06/02/1962,911
857,tteasellns@opensource.org,Torrie,Teasell,Bigender,10/01/1987,945
858,cellettnt@columbia.edu,Connie,Ellett,Genderfluid,12/25/1983,305
859,vruffynu@infoseek.co.jp,Valaria,Ruffy,Male,07/08/1983,821
860,kherleynv@loc.gov,Karissa,Herley,Male,03/31/1957,699
861,mgoodbandnw@indiegogo.com,Martha,Goodband,Genderqueer,10/20/1977,998
862,jlanstonnx@typepad.com,Jamil,Lanston,Non-binary,04/23/1978,973
863,icarlisleny@amazon.co.jp,Ingra,Carlisle,Agender,06/21/1962,807
864,bortzennz@upenn.edu,Bibbye,Ortzen,Genderfluid,10/07/1993,520
865,flobeo0@topsy.com,Forest,Lobe,Non-binary,11/16/1955,221
866,droughto1@epa.gov,Dedie,Rought,Agender,12/03/1958,733
867,hpawelskio2@spotify.com,Hermy,Pawelski,Bigender,11/21/1979,926
868,cchurchardo3@theguardian.com,Christoph,Churchard,Male,07/19/1967,985
869,cpigneyo4@xinhuanet.com,Clevie,Pigney,Agender,03/06/1985,934
870,xbresnahano5@github.com,Xerxes,Bresnahan,Bigender,10/02/1979,725
871,obegento6@wufoo.com,Osbourn,Begent,Polygender,06/09/1969,170
872,pferreirao7@rediff.com,Pebrook,Ferreira,Male,08/27/1992,502
873,efurnisso8@slate.com,Elfrida,Furniss,Genderfluid,04/17/1964,959
874,rhastlero9@mysql.com,Rustin,Hastler,Agender,03/24/1963,326
875,yoakwoodoa@unblog.fr,Yetta,Oakwood,Polygender,08/10/1966,363
876,maberdeenob@github.com,Melisse,Aberdeen,Agender,05/07/1956,576
877,cpoultneyoc@techcrunch.com,Calida,Poultney,Non-binary,11/03/1984,839
878,blealleod@amazon.co.jp,Bev,Lealle,Agender,02/24/1995,940
879,jcrolloe@rediff.com,Jermayne,Croll,Agender,01/11/1963,845
880,jbascombof@nsw.gov.au,Jsandye,Bascomb,Male,06/06/1959,896
881,jharkusog@hc360.com,Jasun,Harkus,Female,11/27/1993,946
882,gbulfordoh@wunderground.com,Granthem,Bulford,Genderfluid,01/26/1999,411
883,bjellicorseoi@mapquest.com,Babbie,Jellicorse,Bigender,12/15/1986,522
884,avinkeroj@fastcompany.com,Angus,Vinker,Female,07/18/1964,893
885,csturgisok@theglobeandmail.com,Caresa,Sturgis,Genderqueer,06/30/1973,789
886,lyoskowitzol@example.com,Livvyy,Yoskowitz,Male,08/25/1972,357
887,ltondeurom@twitter.com,Lyn,Tondeur,Bigender,10/15/1975,838
888,biannion@csmonitor.com,Brooks,Ianni,Female,07/26/1968,157
889,adurganoo@issuu.com,Alric,Durgan,Agender,12/28/1979,112
890,ageerdtsop@techcrunch.com,Ade,Geerdts,Genderfluid,09/06/1992,614
891,mlivoiroq@sitemeter.com,Miriam,Livoir,Male,04/06/1984,773
892,achapellowor@ox.ac.uk,Aurelea,Chapellow,Polygender,11/16/1964,966
893,mbamseyos@nasa.gov,Mia,Bamsey,Genderqueer,04/30/1995,828
894,dedgarot@ycombinator.com,Devina,Edgar,Male,04/29/1975,965
895,bcorballisou@example.com,Bartholomeus,Corballis,Polygender,05/20/1978,694
896,rsowdenov@amazon.com,Ryan,Sowden,Bigender,08/22/1977,674
897,bdaintierow@samsung.com,Babs,Daintier,Male,11/12/1986,989
898,amyersox@slashdot.org,Ashby,Myers,Agender,12/30/1980,299
899,rbraisbyoy@techcrunch.com,Rufe,Braisby,Genderqueer,06/28/1987,744
900,slangmuiroz@google.pl,Stephanie,Langmuir,Female,03/04/1999,755
901,cpapworthp0@house.gov,Cristiano,Papworth,Male,10/12/1959,242
902,tpettiforp1@purevolume.com,Terry,Pettifor,Genderfluid,09/14/1958,965
903,cmacfarlanep2@weather.com,Cullan,MacFarlane,Non-binary,04/23/1961,781
904,kbradlyp3@naver.com,Keven,Bradly,Polygender,03/16/1956,129
905,rhanscomp4@phoca.cz,Rafaela,Hanscom,Non-binary,03/26/1979,766
906,ncloutep5@reuters.com,Nola,Cloute,Genderfluid,06/19/1998,612
907,ggodfreyp6@is.gd,Gerti,Godfrey,Agender,04/25/1986,260
908,dmcasgillp7@economist.com,Duffy,McAsgill,Non-binary,04/07/1968,144
909,npossap8@who.int,Nan,Possa,Genderqueer,01/13/1960,418
910,ebattingp9@sciencedirect.com,Errol,Batting,Polygender,11/23/1994,289
911,rhulcooppa@surveymonkey.com,Ruggiero,Hulcoop,Genderqueer,09/12/1984,934
912,amocherpb@netvibes.com,Anitra,Mocher,Polygender,11/23/1979,207
913,ebowespc@slashdot.org,Ennis,Bowes,Polygender,02/12/1968,594
914,gtizzardpd@newsvine.com,Gennifer,Tizzard,Non-binary,12/13/1992,203
915,idumphreype@about.me,Ingelbert,Dumphrey,Genderfluid,12/27/1973,369
916,oshellibeerpf@chicagotribune.com,Oralla,Shellibeer,Genderfluid,07/05/1956,363
917,ajanjicpg@stanford.edu,Annaliese,Janjic,Polygender,07/21/1973,815
918,dpadleyph@tripadvisor.com,Diane,Padley,Genderqueer,01/04/1960,305
919,nlettucepi@nasa.gov,Nollie,Lettuce,Non-binary,07/15/1993,230
920,lfilippopj@angelfire.com,Lane,Filippo,Genderfluid,02/29/1980,822
921,kbeethampk@mapy.cz,Karna,Beetham,Bigender,10/12/1971,492
922,dcustedpl@cyberchimps.com,Dmitri,Custed,Polygender,10/26/1996,149
923,cdillawaypm@desdev.cn,Clea,Dillaway,Female,10/20/1986,572
924,gwatmorepn@washington.edu,Grover,Watmore,Genderfluid,07/20/1966,843
925,dlarosapo@studiopress.com,Dominick,La Rosa,Genderqueer,04/24/1975,492
926,mmarkhampp@nhs.uk,Maurits,Markham,Bigender,05/23/1964,652
927,wcrosdillpq@dot.gov,Wes,Crosdill,Male,10/10/1991,254
928,acreykepr@umn.edu,Annabela,Creyke,Non-binary,09/14/1964,119
929,istangeps@pcworld.com,Israel,St Ange,Bigender,07/13/1985,279
930,eharraginpt@springer.com,Ewan,Harragin,Agender,04/27/1963,484
931,lbulbeckpu@delicious.com,Lina,Bulbeck,Agender,02/15/1983,716
932,dcarwithenpv@edublogs.org,Darby,Carwithen,Bigender,09/26/1990,924
933,kbaythroppw@cocolog-nifty.com,Kennett,Baythrop,Genderfluid,08/25/1962,879
934,bmcgeeverpx@reverbnation.com,Babara,McGeever,Genderqueer,08/05/1994,748
935,vhattiganpy@nyu.edu,Vilhelmina,Hattigan,Female,05/09/1979,453
936,lfeldmesserpz@hud.gov,Lindon,Feldmesser,Female,09/07/1987,779
937,lkliemannq0@army.mil,Lona,Kliemann,Polygender,02/02/1987,307
938,brissonq1@xing.com,Brade,Risson,Female,09/28/1987,373
939,evallantineq2@moonfruit.com,Eleanore,Vallantine,Male,07/18/1986,774
940,gpayfootq3@homestead.com,Glyn,Payfoot,Genderfluid,02/11/1984,201
941,wdrynanq4@japanpost.jp,Wilton,Drynan,Female,08/18/1982,635
942,kkollachq5@senate.gov,Koren,Kollach,Male,11/01/1971,862
943,scoalburnq6@ucsd.edu,Shanda,Coalburn,Male,09/29/1969,145
944,meichelerq7@eventbrite.com,Matilda,Eicheler,Genderfluid,12/29/1965,691
945,rtoplingq8@wikispaces.com,Robbin,Topling,Male,10/23/1965,819
946,nsleefordq9@sohu.com,Ninon,Sleeford,Male,03/02/1969,868
947,pmilesapqa@ox.ac.uk,Petronella,Milesap,Female,01/17/1992,512
948,mglaisterqb@prlog.org,Mufinella,Glaister,Female,09/02/1967,772
949,jheaslyqc@cargocollective.com,Julian,Heasly,Genderfluid,12/22/1991,900
950,fargoqd@t.co,Florencia,Argo,Genderqueer,12/09/1964,562
951,bdeleonqe@squarespace.com,Blinny,de Leon,Genderfluid,02/10/1988,849
952,sbainbriggeqf@pen.io,Somerset,Bainbrigge,Bigender,03/14/1983,709
953,wtirreyqg@youtube.com,Welby,Tirrey,Polygender,11/03/1970,788
954,btreverqh@acquirethisname.com,Barth,Trever,Polygender,08/30/1979,232
955,gcharetteqi@constantcontact.com,Grissel,Charette,Bigender,06/08/1978,620
956,chalburtonqj@nsw.gov.au,Carlo,Halburton,Bigender,04/04/1998,670
957,htabbernorqk@bloglovin.com,Hastie,Tabbernor,Polygender,09/23/1984,690
958,kkrzyzanowskiql@redcross.org,Kalil,Krzyzanowski,Bigender,03/08/1970,600
959,dvankeevqm@cyberchimps.com,Delaney,Vankeev,Male,11/27/1986,140
960,ahutchenceqn@state.gov,Alvinia,Hutchence,Polygender,10/17/1959,830
961,slillecropqo@printfriendly.com,Sherri,Lillecrop,Male,11/01/1973,327
962,lsprittqp@abc.net.au,Larissa,Spritt,Female,11/23/1962,689
963,kghentqq@home.pl,Kurt,Ghent,Bigender,01/18/1958,498
964,akornelqr@sourceforge.net,Adara,Kornel,Genderqueer,03/18/1998,451
965,becklyqs@boston.com,Benedikt,Eckly,Polygender,08/08/1981,448
966,aroskeillyqt@squidoo.com,Addy,Roskeilly,Agender,12/07/1994,380
967,hleapqu@answers.com,Hugues,Leap,Genderqueer,12/21/1970,890
968,sarchibaldqv@soundcloud.com,Shirleen,Archibald,Female,08/02/1959,965
969,gmcchruiterqw@bluehost.com,Gwenora,McChruiter,Genderqueer,06/25/1969,430
970,itonepohlqx@csmonitor.com,Ibrahim,Tonepohl,Female,01/17/1981,655
971,mreinqy@nsw.gov.au,Morgana,Rein,Agender,01/04/1966,839
972,ccuthillqz@weather.com,Codie,Cuthill,Genderqueer,02/04/1977,296
973,fspillaner0@fda.gov,Fredia,Spillane,Polygender,01/12/1963,976
974,azupor1@dropbox.com,Aurelie,Zupo,Genderfluid,10/20/1998,817
975,nmctrustamr2@woothemes.com,Noble,McTrustam,Bigender,09/17/1971,137
976,afraniesr3@blogs.com,Andy,Franies,Female,07/06/1999,443
977,cgoncalor4@soundcloud.com,Cobb,Goncalo,Genderfluid,12/08/1994,280
978,wdumphreysr5@ustream.tv,Warden,Dumphreys,Genderqueer,06/15/1970,121
979,furchr6@cnbc.com,Ferne,Urch,Female,04/04/1964,922
980,gpalfreymanr7@arizona.edu,Gunter,Palfreyman,Genderqueer,05/20/1961,709
981,cdeveyr8@soundcloud.com,Carla,Devey,Polygender,03/22/1972,659
982,mcolloffr9@woothemes.com,Merrill,Colloff,Male,06/11/1977,487
983,rhingeleyra@csmonitor.com,Ramsay,Hingeley,Non-binary,03/15/1979,492
984,oalelsandrowiczrb@eepurl.com,Olin,Alelsandrowicz,Female,11/19/1961,752
985,ddengaterc@boston.com,Deny,Dengate,Female,05/10/1968,384
986,civellrd@nyu.edu,Colly,Ivell,Genderqueer,11/26/1979,447
987,tcastellinore@ezinearticles.com,Trueman,Castellino,Agender,05/27/1968,419
988,afigguresrf@cloudflare.com,Alameda,Figgures,Non-binary,12/22/1996,661
989,ebentleyrg@yelp.com,Erminia,Bentley,Genderfluid,11/25/1984,924
990,mpreuvostrh@examiner.com,Marketa,Preuvost,Polygender,01/09/1997,401
991,bsleighri@t-online.de,Boyd,Sleigh,Genderfluid,06/07/1991,584
992,tbraganzarj@salon.com,Terrie,Braganza,Non-binary,07/15/1969,323
993,eslogroverk@reference.com,Estrella,Slogrove,Genderfluid,07/26/1985,925
994,hhukinsrl@51.la,Hughie,Hukins,Agender,03/25/1994,297
995,dfliggrm@1688.com,Dolph,Fligg,Female,04/16/1982,990
996,rcursonsrn@home.pl,Reena,Cursons,Non-binary,07/23/1976,794
997,cblasiro@businessinsider.com,Christopher,Blasi,Non-binary,10/09/1962,474
998,dpentonyrp@cdc.gov,Dniren,Pentony,Genderqueer,02/19/1968,267
999,gcouronnerq@uiuc.edu,Giorgia,Couronne,Male,11/07/1967,120
1000,cmighelerr@wordpress.org,Carlos,Mighele,Genderqueer,04/23/1968,488
